Number,Wiki,Language,Language (local),Good,Total,Edits,Admins,Users,Active Users,Files,Stub Ratio,Version,License,Archive,HTTP,ID,mt,Last update
1,en,English,English,6644971,57986628,1145666295,907,45393707,127672,900734,0.1146,1.41.0-wmf.4,n/a,archive,200,2,8,2023-04-18 00:00:05 (~ 6 hrs ago)
2,ceb,Cebuano,Sinugboanong Binisaya,6123559,11226144,34900715,5,101869,145,0,0.5455,1.41.0-wmf.4,n/a,archive,200,153,8,2023-04-18 00:04:45 (~ 6 hrs ago)
3,de,German,Deutsch,2792856,7708815,231395505,182,4130303,18356,127414,0.3623,1.41.0-wmf.4,n/a,archive,200,10,8,2023-04-18 00:07:36 (~ 5 hrs ago)
4,sv,Swedish,Svenska,2561664,6165219,52410956,67,862559,2234,0,0.4155,1.41.0-wmf.4,n/a,archive,200,16,8,2023-04-18 00:07:28 (~ 5 hrs ago)
5,fr,French,Fran√ßais,2514678,12521816,202978198,152,4636681,18890,70579,0.2008,1.41.0-wmf.4,n/a,archive,200,1,8,2023-04-18 00:07:53 (~ 5 hrs ago)
6,nl,Dutch,Nederlands,2120751,4527761,64005653,35,1270928,3896,20,0.4684,1.41.0-wmf.4,n/a,archive,200,8,8,2023-04-18 00:07:40 (~ 5 hrs ago)
7,ru,Russian,–†—É—Å—Å–∫–∏–π,1909411,7658641,129583630,75,3371475,10977,243060,0.2493,1.41.0-wmf.4,n/a,archive,200,24,8,2023-04-18 00:00:22 (~ 6 hrs ago)
8,es,Spanish,Espa√±ol,1855009,7886283,150154390,60,6821579,14773,0,0.2352,1.41.0-wmf.4,n/a,archive,200,22,8,2023-04-18 00:00:18 (~ 6 hrs ago)
9,it,Italian,Italiano,1807003,7695911,132756104,120,2372459,8257,132615,0.2348,1.41.0-wmf.4,n/a,archive,200,4,8,2023-04-18 00:07:48 (~ 5 hrs ago)
10,arz,Egyptian Arabic,ŸÖÿµÿ±Ÿâ (Ma·π£rƒ´),1617287,2067492,8080856,7,208016,196,1481,0.7822,1.41.0-wmf.4,n/a,archive,200,281,8,2023-04-18 00:09:26 (~ 5 hrs ago)
11,pl,Polish,Polski,1564822,3606324,69928813,99,1231938,4278,261,0.4339,1.41.0-wmf.4,n/a,archive,200,3,8,2023-04-18 00:07:51 (~ 5 hrs ago)
12,ja,Japanese,Êó•Êú¨Ë™û,1370514,4034121,94621223,42,2061155,14652,5984,0.3397,1.41.0-wmf.4,n/a,archive,200,20,8,2023-04-18 00:07:15 (~ 5 hrs ago)
13,zh,Chinese,‰∏≠Êñá,1347355,7360252,76551377,66,3337105,8330,63145,0.1831,1.41.0-wmf.4,n/a,archive,200,6,8,2023-04-18 00:07:44 (~ 5 hrs ago)
14,vi,Vietnamese,Ti·∫øng Vi·ªát,1282569,19416216,69839185,19,906376,2060,25531,0.0661,1.41.0-wmf.4,n/a,archive,200,39,8,2023-04-18 00:00:53 (~ 6 hrs ago)
15,war,Waray-Waray,Winaray,1266103,2870520,6422884,3,55052,62,42,0.4411,1.41.0-wmf.4,n/a,archive,200,212,8,2023-04-18 00:06:40 (~ 5 hrs ago)
16,uk,Ukrainian,–£–∫—Ä–∞—ó–Ω—Å—å–∫–∞,1259207,4365118,39172360,48,683638,4079,112014,0.2885,1.41.0-wmf.4,n/a,archive,200,44,8,2023-04-18 00:01:04 (~ 6 hrs ago)
17,ar,Arabic,ÿßŸÑÿπÿ±ÿ®Ÿäÿ©,1204396,8071592,62092434,21,2408117,4639,51606,0.1492,1.41.0-wmf.4,n/a,archive,200,40,8,2023-04-18 00:00:55 (~ 6 hrs ago)
18,pt,Portuguese,Portugu√™s,1101862,5499298,65523708,52,2903492,8984,59391,0.2004,1.41.0-wmf.4,n/a,archive,200,13,8,2023-04-18 00:07:30 (~ 5 hrs ago)
19,fa,Persian,ŸÅÿßÿ±ÿ≥€å,960057,5491015,36896223,37,1210693,5747,85113,0.1748,1.41.0-wmf.4,n/a,archive,200,27,8,2023-04-18 00:00:28 (~ 6 hrs ago)
20,ca,Catalan,Catal√†,725399,1810742,31510984,30,447150,1163,13563,0.4006,1.41.0-wmf.4,n/a,archive,200,48,8,2023-04-18 00:01:12 (~ 6 hrs ago)
21,sr,Serbian,–°—Ä–ø—Å–∫–∏ / Srpski,669984,4020647,25654759,17,325196,900,37767,0.1666,1.41.0-wmf.4,n/a,archive,200,50,8,2023-04-18 00:01:16 (~ 6 hrs ago)
22,id,Indonesian,Bahasa Indonesia,643730,3470113,23246434,44,1399954,3315,47445,0.1855,1.41.0-wmf.4,n/a,archive,200,46,8,2023-04-18 00:01:08 (~ 6 hrs ago)
23,ko,Korean,ÌïúÍµ≠Ïñ¥,631246,3062536,34679521,28,782551,1733,13048,0.2061,1.41.0-wmf.4,n/a,archive,200,25,8,2023-04-18 00:00:24 (~ 6 hrs ago)
24,no,Norwegian (Bokm√•l),Norsk (Bokm√•l),609247,1745567,23446555,45,578719,1166,4,0.349,1.41.0-wmf.4,n/a,archive,200,21,8,2023-04-18 00:07:17 (~ 5 hrs ago)
25,ce,Chechen,–ù–æ—Ö—á–∏–π–Ω,599705,1188075,9675528,3,33390,49,322,0.5048,1.41.0-wmf.4,n/a,archive,200,152,8,2023-04-18 00:04:43 (~ 6 hrs ago)
26,fi,Finnish,Suomi,550915,1443615,21401119,33,542554,1927,72612,0.3816,1.41.0-wmf.4,n/a,archive,200,9,8,2023-04-18 00:07:38 (~ 5 hrs ago)
27,hu,Hungarian,Magyar,524174,1500214,25974835,25,530210,1689,8720,0.3494,1.41.0-wmf.4,n/a,archive,200,15,8,2023-04-18 00:07:13 (~ 5 hrs ago)
28,cs,Czech,ƒåe≈°tina,522785,1461901,22673944,31,615933,2540,1,0.3576,1.41.0-wmf.4,n/a,archive,200,36,8,2023-04-18 00:00:47 (~ 6 hrs ago)
29,tr,Turkish,T√ºrk√ße,518592,2450226,29545338,19,1488831,3474,38855,0.2117,1.41.0-wmf.4,n/a,archive,200,32,8,2023-04-18 00:00:39 (~ 6 hrs ago)
30,tt,Tatar,Tatar√ßa / –¢–∞—Ç–∞—Ä—á–∞,499984,746431,4023565,6,46221,98,6330,0.6698,1.41.0-wmf.4,n/a,archive,200,104,8,2023-04-18 00:03:11 (~ 6 hrs ago)
31,sh,Serbo-Croatian,Srpskohrvatski / –°—Ä–ø—Å–∫–æ—Ö—Ä–≤–∞—Ç—Å–∫–∏,457999,4647585,41405614,8,184383,185,10191,0.0985,1.41.0-wmf.4,n/a,archive,200,199,8,2023-04-18 00:06:15 (~ 5 hrs ago)
32,ro,Romanian,Rom√¢nƒÉ,437994,2668402,15601013,17,614694,969,116931,0.1641,1.41.0-wmf.4,n/a,archive,200,47,8,2023-04-18 00:01:10 (~ 6 hrs ago)
33,zh-min-nan,Min Nan,B√¢n-l√¢m-g√∫,432440,1067462,3167962,6,57110,99,335,0.4051,1.41.0-wmf.4,n/a,archive,200,214,8,2023-04-18 00:06:44 (~ 5 hrs ago)
34,eu,Basque,Euskara,409882,857831,9244399,12,147109,527,0,0.4778,1.41.0-wmf.4,n/a,archive,200,60,8,2023-04-18 00:01:37 (~ 6 hrs ago)
35,ms,Malay,Bahasa Melayu,364329,1053279,5806094,16,312066,616,19041,0.3459,1.41.0-wmf.4,n/a,archive,200,81,8,2023-04-18 00:02:23 (~ 6 hrs ago)
36,eo,Esperanto,Esperanto,335371,746845,8021008,16,208237,307,13895,0.4491,1.41.0-wmf.4,n/a,archive,200,51,8,2023-04-18 00:01:18 (~ 6 hrs ago)
37,he,Hebrew,◊¢◊ë◊®◊ô◊™,333202,1409566,36072296,28,1069300,2929,76423,0.2364,1.41.0-wmf.4,n/a,archive,200,26,8,2023-04-18 00:00:26 (~ 6 hrs ago)
38,hy,Armenian,’Ä’°’µ’•÷Ä’•’∂,296772,1002460,8663296,11,131575,533,11664,0.296,1.41.0-wmf.4,n/a,archive,200,69,8,2023-04-18 00:01:57 (~ 6 hrs ago)
39,da,Danish,Dansk,290907,923730,11430677,25,452901,791,0,0.3149,1.41.0-wmf.4,n/a,archive,200,28,8,2023-04-18 00:00:30 (~ 6 hrs ago)
40,bg,Bulgarian,–ë—ä–ª–≥–∞—Ä—Å–∫–∏,290095,648285,11735500,25,323792,753,484,0.4475,1.41.0-wmf.4,n/a,archive,200,7,8,2023-04-18 00:07:42 (~ 5 hrs ago)
41,cy,Welsh,Cymraeg,278666,435171,11755844,16,79711,124,11307,0.6404,1.41.0-wmf.4,n/a,archive,200,56,8,2023-04-18 00:01:29 (~ 6 hrs ago)
42,sk,Slovak,Slovenƒçina,244413,557631,7542894,10,232741,617,0,0.4383,1.41.0-wmf.4,n/a,archive,200,35,8,2023-04-18 00:00:45 (~ 6 hrs ago)
43,azb,South Azerbaijani,ÿ™€Üÿ±⁄©ÿ¨Ÿá,242979,575822,1543406,4,42069,99,301,0.422,1.41.0-wmf.4,n/a,archive,200,309,8,2023-04-18 00:08:35 (~ 5 hrs ago)
44,et,Estonian,Eesti,235468,556497,6369471,34,177804,753,775,0.4231,1.41.0-wmf.4,n/a,archive,200,14,8,2023-04-18 00:07:11 (~ 5 hrs ago)
45,uz,Uzbek,O‚Äòzbek,233977,838892,3664899,19,95800,1320,2664,0.2789,1.41.0-wmf.4,n/a,archive,200,88,8,2023-04-18 00:02:38 (~ 6 hrs ago)
46,kk,Kazakh,“ö–∞–∑–∞“õ—à–∞,233323,598881,3148384,14,129059,325,10540,0.3896,1.41.0-wmf.4,n/a,archive,200,43,8,2023-04-18 00:01:02 (~ 6 hrs ago)
47,be,Belarusian,–ë–µ–ª–∞—Ä—É—Å–∫–∞—è,230301,666032,4471067,10,128643,290,3303,0.3458,1.41.0-wmf.4,n/a,archive,200,87,8,2023-04-18 00:02:35 (~ 6 hrs ago)
48,simple,Simple English,Simple English,228978,744313,8752964,18,1294985,1236,36,0.3076,1.41.0-wmf.4,n/a,archive,200,52,8,2023-04-18 00:01:20 (~ 6 hrs ago)
49,min,Minangkabau,Baso Minangkabau,226592,387501,2505288,5,17356,40,178,0.5848,1.41.0-wmf.4,n/a,archive,200,304,8,2023-04-18 00:08:40 (~ 5 hrs ago)
50,el,Greek,ŒïŒªŒªŒ∑ŒΩŒπŒ∫Œ¨,220238,650558,9989359,21,388990,1046,18961,0.3385,1.41.0-wmf.4,n/a,archive,200,18,8,2023-04-18 00:07:23 (~ 5 hrs ago)
51,hr,Croatian,Hrvatski,214445,449612,6608714,12,291629,523,21403,0.477,1.41.0-wmf.4,n/a,archive,200,37,8,2023-04-18 00:00:49 (~ 6 hrs ago)
52,lt,Lithuanian,Lietuvi≈≥,209845,514534,6927253,10,174152,371,24675,0.4078,1.41.0-wmf.4,n/a,archive,200,58,8,2023-04-18 00:01:33 (~ 6 hrs ago)
53,gl,Galician,Galego,195773,493351,6368704,8,134643,288,274,0.3968,1.41.0-wmf.4,n/a,archive,200,11,8,2023-04-18 00:07:34 (~ 5 hrs ago)
54,az,Azerbaijani,Az…ôrbaycanca,193620,529805,6970354,15,267486,717,19983,0.3655,1.41.0-wmf.4,n/a,archive,200,116,8,2023-04-18 00:03:34 (~ 6 hrs ago)
55,ur,Urdu,ÿßÿ±ÿØŸà,188928,1034434,5347915,11,161608,304,14046,0.1826,1.41.0-wmf.4,n/a,archive,200,72,8,2023-04-18 00:02:04 (~ 6 hrs ago)
56,sl,Slovenian,Sloven≈°ƒçina,180722,453411,5971756,22,220804,355,8380,0.3986,1.41.0-wmf.4,n/a,archive,200,19,8,2023-04-18 00:07:21 (~ 5 hrs ago)
57,ka,Georgian,·É•·Éê·É†·Éó·É£·Éö·Éò,167200,471151,4496889,6,149659,267,15087,0.3549,1.41.0-wmf.4,n/a,archive,200,65,8,2023-04-18 00:01:49 (~ 6 hrs ago)
58,nn,Norwegian (Nynorsk),Nynorsk,165092,379247,3469507,14,127155,131,16,0.4353,1.41.0-wmf.4,n/a,archive,200,83,8,2023-04-18 00:02:27 (~ 6 hrs ago)
59,hi,Hindi,‡§π‡§ø‡§®‡•ç‡§¶‡•Ä,156213,1244759,5816568,6,753762,1539,3733,0.1255,1.41.0-wmf.4,n/a,archive,200,30,8,2023-04-18 00:00:35 (~ 6 hrs ago)
60,th,Thai,‡πÑ‡∏ó‡∏¢,155278,1019795,10677852,17,445730,1099,26558,0.1523,1.41.0-wmf.4,n/a,archive,200,57,8,2023-04-18 00:01:31 (~ 6 hrs ago)
61,ta,Tamil,‡Æ§‡ÆÆ‡Æø‡Æ¥‡Øç,153564,486352,3686345,29,217928,389,8048,0.3157,1.41.0-wmf.4,n/a,archive,200,31,8,2023-04-18 00:00:37 (~ 6 hrs ago)
62,la,Latin,Latina,137729,278039,3755438,17,166548,146,0,0.4954,1.41.0-wmf.4,n/a,archive,200,23,8,2023-04-18 00:00:20 (~ 6 hrs ago)
63,bn,Bengali,‡¶¨‡¶æ‡¶Ç‡¶≤‡¶æ,137260,1165181,6603776,13,416172,1329,16364,0.1178,1.41.0-wmf.4,n/a,archive,200,93,8,2023-04-18 00:02:48 (~ 6 hrs ago)
64,mk,Macedonian,–ú–∞–∫–µ–¥–æ–Ω—Å–∫–∏,135626,538310,4956031,12,108328,273,8710,0.2519,1.41.0-wmf.4,n/a,archive,200,100,8,2023-04-18 00:03:03 (~ 6 hrs ago)
65,ast,Asturian,Asturianu,132103,234962,3954996,9,112956,116,0,0.5622,1.41.0-wmf.4,n/a,archive,200,63,8,2023-04-18 00:01:43 (~ 6 hrs ago)
66,zh-yue,Cantonese,Á≤µË™û,131097,295526,1969235,12,254444,295,2657,0.4436,1.41.0-wmf.4,n/a,archive,200,235,8,2023-04-18 00:10:56 (~ 5 hrs ago)
67,lld,Ladin,Ladin,130206,135447,178679,3,3393,36,3,0.9613,1.41.0-wmf.4,n/a,archive,200,336,8,2023-04-18 00:00:10 (~ 6 hrs ago)
68,lv,Latvian,Latvie≈°u,119476,485219,3823377,13,113539,285,26068,0.2462,1.41.0-wmf.4,n/a,archive,200,70,8,2023-04-18 00:01:59 (~ 6 hrs ago)
69,tg,Tajik,–¢–æ“∑–∏–∫”£,109514,266490,1344782,6,38673,62,493,0.4109,1.41.0-wmf.4,n/a,archive,200,68,8,2023-04-18 00:01:55 (~ 6 hrs ago)
70,af,Afrikaans,Afrikaans,107608,378905,2566002,13,161125,159,9649,0.284,1.41.0-wmf.4,n/a,archive,200,38,8,2023-04-18 00:00:51 (~ 6 hrs ago)
71,my,Burmese,·Äô·Äº·Äî·Ä∫·Äô·Ä¨·Äò·Ä¨·Äû·Ä¨,106339,228154,787148,4,110155,125,2976,0.4661,1.41.0-wmf.4,n/a,archive,200,129,8,2023-04-18 00:03:59 (~ 6 hrs ago)
72,mg,Malagasy,Malagasy,95491,246370,1054478,3,30424,35,3,0.3876,1.41.0-wmf.4,n/a,archive,200,74,8,2023-04-18 00:02:08 (~ 6 hrs ago)
73,bs,Bosnian,Bosanski,91795,371741,3500812,9,151163,166,5484,0.2469,1.41.0-wmf.4,n/a,archive,200,53,8,2023-04-18 00:01:23 (~ 6 hrs ago)
74,mr,Marathi,‡§Æ‡§∞‡§æ‡§†‡•Ä,91728,303190,2258182,10,152838,217,19093,0.3025,1.41.0-wmf.4,n/a,archive,200,128,8,2023-04-18 00:03:57 (~ 6 hrs ago)
75,sq,Albanian,Shqip,89396,273992,2541765,11,150866,303,4192,0.3263,1.41.0-wmf.4,n/a,archive,200,71,8,2023-04-18 00:02:02 (~ 6 hrs ago)
76,oc,Occitan,Occitan,88535,158767,2359256,4,50837,99,888,0.5576,1.41.0-wmf.4,n/a,archive,200,62,8,2023-04-18 00:01:41 (~ 6 hrs ago)
77,nds,Low Saxon,Plattd√º√ºtsch,84184,164706,995288,4,50908,46,0,0.5111,1.41.0-wmf.4,n/a,archive,200,49,8,2023-04-18 00:01:14 (~ 6 hrs ago)
78,ml,Malayalam,‡¥Æ‡¥≤‡¥Ø‡¥æ‡¥≥‡¥Ç,83403,507929,3826344,15,170358,234,7048,0.1642,1.41.0-wmf.4,n/a,archive,200,41,8,2023-04-18 00:00:58 (~ 6 hrs ago)
79,be-tarask,Belarusian (Tara≈°kievica),–ë–µ–ª–∞—Ä—É—Å–∫–∞—è (—Ç–∞—Ä–∞—à–∫–µ–≤—ñ—Ü–∞),82280,234678,2380173,4,79805,123,1980,0.3506,1.41.0-wmf.4,n/a,archive,200,264,8,2023-04-18 00:09:57 (~ 5 hrs ago)
80,te,Telugu,‡∞§‡±Ü‡∞≤‡±Å‡∞ó‡±Å,82135,322142,3841962,14,120362,202,14105,0.255,1.41.0-wmf.4,n/a,archive,200,76,8,2023-04-18 00:02:12 (~ 6 hrs ago)
81,ky,Kirghiz,–ö—ã—Ä–≥—ã–∑—á–∞,80377,110733,442559,2,35889,92,2687,0.7259,1.41.0-wmf.4,n/a,archive,200,103,8,2023-04-18 00:03:09 (~ 6 hrs ago)
82,br,Breton,Brezhoneg,79259,149947,2041267,6,73635,100,5304,0.5286,1.41.0-wmf.4,n/a,archive,200,105,8,2023-04-18 00:03:13 (~ 6 hrs ago)
83,sw,Swahili,Kiswahili,76896,162075,1276058,14,60134,195,2286,0.4744,1.41.0-wmf.4,n/a,archive,200,66,8,2023-04-18 00:01:51 (~ 6 hrs ago)
84,jv,Javanese,Basa Jawa,72463,181830,1629715,5,57067,79,5452,0.3985,1.41.0-wmf.4,n/a,archive,200,94,8,2023-04-18 00:02:50 (~ 6 hrs ago)
85,new,Newar / Nepal Bhasa,‡§®‡•á‡§™‡§æ‡§≤ ‡§≠‡§æ‡§∑‡§æ,72348,166257,865927,2,26104,20,0,0.4352,1.41.0-wmf.4,n/a,archive,200,245,8,2023-04-18 00:10:35 (~ 5 hrs ago)
86,vec,Venetian,V√®neto,69154,141038,1107760,4,33628,45,724,0.4903,1.41.0-wmf.4,n/a,archive,200,210,8,2023-04-18 00:06:37 (~ 5 hrs ago)
87,pnb,Western Panjabi,ÿ¥ÿß€Å ŸÖ⁄©⁄æ€å ŸæŸÜÿ¨ÿßÿ®€å (ShƒÅhmukhƒ´ Pa√±jƒÅbƒ´),68550,119601,620554,2,34578,59,144,0.5732,1.41.0-wmf.4,n/a,archive,200,285,8,2023-04-18 00:09:19 (~ 5 hrs ago)
88,ht,Haitian,Kr√®yol ayisyen,68412,83645,820625,3,30267,49,0,0.8179,1.41.0-wmf.4,n/a,archive,200,167,8,2023-04-18 00:05:14 (~ 6 hrs ago)
89,pms,Piedmontese,Piemont√®is,67870,103387,864756,4,26302,44,2069,0.6565,1.41.0-wmf.4,n/a,archive,200,242,8,2023-04-18 00:10:41 (~ 5 hrs ago)
90,ba,Bashkir,–ë–∞—à“°–æ—Ä—Ç,62577,175956,1232880,7,37632,93,1493,0.3556,1.41.0-wmf.4,n/a,archive,200,117,8,2023-04-18 00:03:36 (~ 6 hrs ago)
91,lb,Luxembourgish,L√´tzebuergesch,61657,134373,2428478,6,57552,80,2382,0.4588,1.41.0-wmf.4,n/a,archive,200,86,8,2023-04-18 00:02:33 (~ 6 hrs ago)
92,su,Sundanese,Basa Sunda,61446,97812,653842,6,29653,51,545,0.6282,1.41.0-wmf.4,n/a,archive,200,80,8,2023-04-18 00:02:21 (~ 6 hrs ago)
93,ku,Kurdish,Kurd√Æ / ŸÉŸàÿ±ÿØ€å,59067,117235,1170769,3,55019,99,564,0.5038,1.41.0-wmf.4,n/a,archive,200,12,8,2023-04-18 00:07:32 (~ 5 hrs ago)
94,ga,Irish,Gaeilge,58432,99283,1130064,7,55723,86,1154,0.5885,1.41.0-wmf.4,n/a,archive,200,61,8,2023-04-18 00:01:39 (~ 6 hrs ago)
95,lmo,Lombard,Lumbaart,57638,128064,1156229,5,39884,51,4436,0.4501,1.41.0-wmf.4,n/a,archive,200,181,8,2023-04-18 00:05:41 (~ 6 hrs ago)
96,szl,Silesian,≈öl≈Ønski,56866,70541,353678,3,22958,42,0,0.8061,1.41.0-wmf.4,n/a,archive,200,279,8,2023-04-18 00:09:30 (~ 5 hrs ago)
97,is,Icelandic,√çslenska,56358,146168,1798728,19,90832,131,3215,0.3856,1.41.0-wmf.4,n/a,archive,200,34,8,2023-04-18 00:00:43 (~ 6 hrs ago)
98,fy,West Frisian,Frysk,51257,156616,1115314,8,45572,74,7715,0.3273,1.41.0-wmf.4,n/a,archive,200,78,8,2023-04-18 00:02:17 (~ 6 hrs ago)
99,cv,Chuvash,–ßƒÉ–≤–∞—à,51022,103155,787361,2,32704,57,537,0.4946,1.41.0-wmf.4,n/a,archive,200,159,8,2023-04-18 00:04:57 (~ 6 hrs ago)
100,ckb,Sorani,Soran√Æ / ⁄©Ÿàÿ±ÿØ€å,49143,203573,1067060,8,55781,145,1949,0.2414,1.41.0-wmf.4,n/a,archive,200,284,8,2023-04-18 00:09:21 (~ 5 hrs ago)
101,pa,Punjabi,‡®™‡©∞‡®ú‡®æ‡®¨‡©Ä,47162,154741,668868,9,45106,128,1846,0.3048,1.41.0-wmf.4,n/a,archive,200,108,8,2023-04-18 00:03:19 (~ 6 hrs ago)
102,tl,Tagalog,Tagalog,44458,237560,2007996,11,130893,160,1897,0.1871,1.41.0-wmf.4,n/a,archive,200,101,8,2023-04-18 00:03:05 (~ 6 hrs ago)
103,an,Aragonese,Aragon√©s,43651,133748,1923718,6,71935,82,1551,0.3264,1.41.0-wmf.4,n/a,archive,200,75,8,2023-04-18 00:02:10 (~ 6 hrs ago)
104,wuu,Wu,Âê¥ËØ≠,42809,56974,302593,4,82222,52,132,0.7514,1.41.0-wmf.4,n/a,archive,200,243,8,2023-04-18 00:10:39 (~ 5 hrs ago)
105,diq,Zazaki,Zazaki,40349,61102,518205,3,26265,29,199,0.6604,1.41.0-wmf.4,n/a,archive,200,254,8,2023-04-18 00:10:16 (~ 5 hrs ago)
106,io,Ido,Ido,37407,55331,1013027,5,35329,39,0,0.6761,1.41.0-wmf.4,n/a,archive,200,5,8,2023-04-18 00:07:46 (~ 5 hrs ago)
107,sco,Scots,Scots,36131,140567,872627,3,101874,89,671,0.257,1.41.0-wmf.4,n/a,archive,200,196,8,2023-04-18 00:06:08 (~ 6 hrs ago)
108,vo,Volap√ºk,Volap√ºk,33334,149626,3283379,2,33548,28,0,0.2228,1.41.0-wmf.4,n/a,archive,200,59,8,2023-04-18 00:01:35 (~ 6 hrs ago)
109,yo,Yoruba,Yor√πb√°,32332,56176,564232,3,26468,78,166,0.5755,1.41.0-wmf.4,n/a,archive,200,142,8,2023-04-18 00:04:24 (~ 6 hrs ago)
110,ne,Nepali,‡§®‡•á‡§™‡§æ‡§≤‡•Ä,31417,105872,1134327,6,62058,106,1301,0.2967,1.41.0-wmf.4,n/a,archive,200,77,8,2023-04-18 00:02:15 (~ 6 hrs ago)
111,ia,Interlingua,Interlingua,30208,44815,654999,6,47005,37,4,0.6741,1.41.0-wmf.4,n/a,archive,200,45,8,2023-04-18 00:01:06 (~ 6 hrs ago)
112,gu,Gujarati,‡™ó‡´Å‡™ú‡™∞‡™æ‡™§‡´Ä,30129,122514,842210,3,73208,69,0,0.2459,1.41.0-wmf.4,n/a,archive,200,42,8,2023-04-18 00:01:00 (~ 6 hrs ago)
113,kn,Kannada,‡≤ï‡≤®‡≥ç‡≤®‡≤°,29901,134249,1162678,4,80569,296,2325,0.2227,1.41.0-wmf.4,n/a,archive,200,64,8,2023-04-18 00:01:47 (~ 6 hrs ago)
114,als,Alemannic,Alemannisch,29759,71726,1031620,9,97131,96,577,0.4149,1.41.0-wmf.4,n/a,archive,200,102,8,2023-04-18 00:03:07 (~ 6 hrs ago)
115,avk,Kotava,Kotava,27031,32945,135675,6,3897,28,0,0.8205,1.41.0-wmf.4,n/a,archive,200,335,8,2023-04-18 00:00:12 (~ 6 hrs ago)
116,bar,Bavarian,Boarisch,26901,109278,835880,3,66175,62,1321,0.2462,1.41.0-wmf.4,n/a,archive,200,252,8,2023-04-18 00:10:20 (~ 5 hrs ago)
117,scn,Sicilian,Sicilianu,26240,55845,735600,3,42892,32,1407,0.4699,1.41.0-wmf.4,n/a,archive,200,17,8,2023-04-18 00:07:26 (~ 5 hrs ago)
118,bpy,Bishnupriya Manipuri,‡¶á‡¶Æ‡¶æ‡¶∞ ‡¶†‡¶æ‡¶∞/‡¶¨‡¶ø‡¶∑‡ßç‡¶£‡ßÅ‡¶™‡ßç‡¶∞‡¶ø‡¶Ø‡¶º‡¶æ ‡¶Æ‡¶£‡¶ø‡¶™‡ßÅ‡¶∞‡ßÄ,25087,63279,890802,2,24288,21,45,0.3965,1.41.0-wmf.4,n/a,archive,200,253,8,2023-04-18 00:10:18 (~ 5 hrs ago)
119,ha,Hausa,ŸáŸéŸàŸèÿ≥Ÿé,24812,42689,247122,6,21951,116,0,0.5812,1.41.0-wmf.4,n/a,archive,200,123,8,2023-04-18 00:03:49 (~ 6 hrs ago)
120,crh,Crimean Tatar,Qƒ±rƒ±mtatarca,24173,45424,201736,2,19111,30,0,0.5322,1.41.0-wmf.4,n/a,archive,200,269,8,2023-04-18 00:09:47 (~ 5 hrs ago)
121,qu,Quechua,Runa Simi,23439,56535,654134,2,28363,32,0,0.4146,1.41.0-wmf.4,n/a,archive,200,97,8,2023-04-18 00:02:56 (~ 6 hrs ago)
122,nv,Navajo,Din√© bizaad,22126,36643,304671,2,16105,17,735,0.6038,1.41.0-wmf.4,n/a,archive,200,187,8,2023-04-18 00:05:49 (~ 6 hrs ago)
123,mn,Mongolian,–ú–æ–Ω–≥–æ–ª,22019,99373,726567,3,83148,113,1362,0.2216,1.41.0-wmf.4,n/a,archive,200,107,8,2023-04-18 00:03:17 (~ 6 hrs ago)
124,xmf,Mingrelian,·Éõ·Éê·É†·Éí·Éê·Éö·É£·É†·Éò (Margaluri),20021,37049,196418,4,18132,35,0,0.5404,1.41.0-wmf.4,n/a,archive,200,300,8,2023-04-18 00:08:50 (~ 5 hrs ago)
125,si,Sinhalese,‡∑É‡∑í‡∂Ç‡∑Ñ‡∂Ω,18623,85414,544708,3,62427,94,3040,0.218,1.41.0-wmf.4,n/a,archive,200,200,8,2023-04-18 00:06:17 (~ 5 hrs ago)
126,ban,Balinese,Bali,18481,36643,151250,4,6890,42,116,0.5044,1.41.0-wmf.4,n/a,archive,200,328,8,2023-04-18 00:07:57 (~ 5 hrs ago)
127,ps,Pashto,Ÿæ⁄öÿ™Ÿà,17416,59253,295045,1,29865,42,1736,0.2939,1.41.0-wmf.4,n/a,archive,200,109,8,2023-04-18 00:03:21 (~ 6 hrs ago)
128,frr,North Frisian,Nordfriisk,17177,43669,246484,4,18968,28,1412,0.3933,1.41.0-wmf.4,n/a,archive,200,291,8,2023-04-18 00:09:09 (~ 5 hrs ago)
129,bat-smg,Samogitian,≈Ωemaitƒó≈°ka,17143,29648,358665,4,24946,25,109,0.5782,1.41.0-wmf.4,n/a,archive,200,230,8,2023-04-18 00:06:58 (~ 5 hrs ago)
130,os,Ossetian,–ò—Ä–æ–Ω–∞—É,16970,62858,534460,3,23524,29,158,0.27,1.41.0-wmf.4,n/a,archive,200,190,8,2023-04-18 00:05:56 (~ 6 hrs ago)
131,or,Oriya,‡¨ì‡≠ú‡¨ø‡¨Ü,16643,74197,479650,6,33068,59,171,0.2243,1.41.0-wmf.4,n/a,archive,200,130,8,2023-04-18 00:04:01 (~ 6 hrs ago)
132,sah,Sakha,–°–∞—Ö–∞ —Ç—ã–ª–∞ (Saxa Tyla),16414,49492,395362,3,23449,50,1765,0.3316,1.41.0-wmf.4,n/a,archive,200,278,8,2023-04-18 00:09:32 (~ 5 hrs ago)
133,cdo,Min Dong,M√¨ng-dƒïÃ§ng-ng·π≥ÃÑ,15925,32357,98685,4,20013,25,0,0.4922,1.41.0-wmf.4,n/a,archive,200,262,8,2023-04-18 00:09:59 (~ 5 hrs ago)
134,gd,Scottish Gaelic,G√†idhlig,15921,32207,572674,5,26766,36,347,0.4943,1.41.0-wmf.4,n/a,archive,200,121,8,2023-04-18 00:03:44 (~ 6 hrs ago)
135,bug,Buginese,Basa Ugi,15823,20090,202059,1,12834,16,0,0.7876,1.41.0-wmf.4,n/a,archive,200,151,8,2023-04-18 00:04:41 (~ 6 hrs ago)
136,yi,Yiddish,◊ô◊ô÷¥◊ì◊ô◊©,15502,44381,586667,3,47971,58,1062,0.3493,1.41.0-wmf.4,n/a,archive,200,55,8,2023-04-18 00:01:27 (~ 6 hrs ago)
137,sd,Sindhi,ÿ≥ŸÜ⁄åŸäÿå ÿ≥ŸÜÿØ⁄æ€å ÿå ‡§∏‡§ø‡§®‡•ç‡§ß,15422,56486,242771,4,16887,35,145,0.273,1.41.0-wmf.4,n/a,archive,200,132,8,2023-04-18 00:04:05 (~ 6 hrs ago)
138,ilo,Ilokano,Ilokano,15375,70242,398845,2,16800,25,0,0.2189,1.41.0-wmf.4,n/a,archive,200,172,8,2023-04-18 00:05:24 (~ 6 hrs ago)
139,am,Amharic,·ä†·àõ·à≠·äõ,15188,46133,375283,1,42759,51,1777,0.3292,1.41.0-wmf.4,n/a,archive,200,114,8,2023-04-18 00:03:30 (~ 6 hrs ago)
140,nap,Neapolitan,Nnapulitano,14777,23836,666319,3,28908,29,287,0.6199,1.41.0-wmf.4,n/a,archive,200,184,8,2023-04-18 00:08:01 (~ 5 hrs ago)
141,mzn,Mazandarani,ŸÖŸéÿ≤Ÿêÿ±ŸàŸÜŸä,14438,32479,172793,4,32771,43,262,0.4445,1.41.0-wmf.4,n/a,archive,200,244,8,2023-04-18 00:10:37 (~ 5 hrs ago)
142,li,Limburgish,Limburgs,14280,66329,458788,7,27634,32,623,0.2153,1.41.0-wmf.4,n/a,archive,200,180,8,2023-04-18 00:05:39 (~ 6 hrs ago)
143,ig,Igbo,Igbo,14114,21431,111084,4,15847,79,0,0.6586,1.41.0-wmf.4,n/a,archive,200,169,8,2023-04-18 00:05:18 (~ 6 hrs ago)
144,gor,Gorontalo,Hulontalo,13895,21799,52370,2,4663,13,0,0.6374,1.41.0-wmf.4,n/a,archive,200,323,8,2023-04-18 00:08:10 (~ 5 hrs ago)
145,hsb,Upper Sorbian,Hornjoserbsce,13891,35524,380947,4,23958,34,129,0.391,1.41.0-wmf.4,n/a,archive,200,249,8,2023-04-18 00:10:27 (~ 5 hrs ago)
146,fo,Faroese,F√∏royskt,13890,40496,371367,3,28256,41,0,0.343,1.41.0-wmf.4,n/a,archive,200,73,8,2023-04-18 00:02:06 (~ 6 hrs ago)
147,map-bms,Banyumasan,Basa Banyumasan,13845,30309,214270,2,15516,21,462,0.4568,1.41.0-wmf.4,n/a,archive,200,240,8,2023-04-18 00:10:45 (~ 5 hrs ago)
148,mai,Maithili,‡§Æ‡•à‡§•‡§ø‡§≤‡•Ä,13731,40315,232820,5,12715,37,114,0.3406,1.41.0-wmf.4,n/a,archive,200,306,8,2023-04-18 00:08:38 (~ 5 hrs ago)
149,bcl,Central Bicolano,Bikol,13589,38169,248207,2,21137,40,865,0.356,1.41.0-wmf.4,n/a,archive,200,268,8,2023-04-18 00:11:06 (~ 5 hrs ago)
150,eml,Emilian-Romagnol,Emili√†n e rumagn√≤l,13031,35210,154792,3,24499,28,2742,0.3701,1.41.0-wmf.4,n/a,archive,200,247,8,2023-04-18 00:10:31 (~ 5 hrs ago)
151,shn,Shan,·Åµ·ÇÇ·Å¢·Äô·Ä∫·Ä∏·Äê·ÇÜ·Ä∏·Äú·Ä∞·ÄÑ·Ä∫,12743,29789,59395,2,3710,11,61,0.4278,1.41.0-wmf.4,n/a,archive,200,325,8,2023-04-18 00:08:06 (~ 5 hrs ago)
152,ace,Acehnese,Bahsa Ac√®h,12725,26747,144955,3,25512,30,0,0.4758,1.41.0-wmf.4,n/a,archive,200,287,8,2023-04-18 00:09:15 (~ 5 hrs ago)
153,zh-classical,Classical Chinese,Âè§Êñá / ÊñáË®ÄÊñá,12322,101059,389708,6,97482,57,0,0.1219,1.41.0-wmf.4,n/a,archive,200,258,8,2023-04-18 00:10:08 (~ 5 hrs ago)
154,sa,Sanskrit,‡§∏‡§Ç‡§∏‡•ç‡§ï‡•É‡§§‡§Æ‡•ç,11981,72504,475725,3,37262,150,445,0.1652,1.41.0-wmf.4,n/a,archive,200,96,8,2023-04-18 00:02:54 (~ 6 hrs ago)
155,wa,Walloon,Walon,11766,27814,394064,4,23242,25,626,0.423,1.41.0-wmf.4,n/a,archive,200,211,8,2023-04-18 00:11:00 (~ 5 hrs ago)
156,as,Assamese,‡¶Ö‡¶∏‡¶Æ‡ßÄ‡ßü‡¶æ,11610,78129,354361,5,37108,149,1761,0.1486,1.41.0-wmf.4,n/a,archive,200,115,8,2023-04-18 00:03:32 (~ 6 hrs ago)
157,ie,Interlingue,Interlingue,11576,15483,154290,2,18137,36,0,0.7477,1.41.0-wmf.4,n/a,archive,200,54,8,2023-04-18 00:01:25 (~ 6 hrs ago)
158,lij,Ligurian,L√≠guru,11125,26818,239751,7,15289,22,9,0.4148,1.41.0-wmf.4,n/a,archive,200,229,8,2023-04-18 00:06:56 (~ 5 hrs ago)
159,zu,Zulu,isiZulu,10918,24521,100894,1,18942,41,0,0.4453,1.41.0-wmf.4,n/a,archive,200,143,8,2023-04-18 00:04:26 (~ 6 hrs ago)
160,mhr,Meadow Mari,–û–ª—ã–∫ –ú–∞—Ä–∏–π (Olyk Marij),10761,28209,189484,1,13741,24,0,0.3815,1.41.0-wmf.4,n/a,archive,200,283,8,2023-04-18 00:09:23 (~ 5 hrs ago)
161,hyw,Western Armenian,‘±÷Ä’•÷Ç’¥’ø’°’∞’°’µ’•÷Ä’ß’∂,10644,22487,199799,5,8541,46,0,0.4733,1.41.0-wmf.4,n/a,archive,200,326,8,2023-04-18 00:08:04 (~ 5 hrs ago)
162,hif,Fiji Hindi,Fiji Hindi,10484,44693,284454,4,31341,34,192,0.2346,1.41.0-wmf.4,n/a,archive,200,274,8,2023-04-18 00:10:04 (~ 5 hrs ago)
163,mrj,Hill Mari,–ö—ã—Ä—ã–∫ –ú–∞—Ä—ã (Kyryk Mary),10430,19229,103372,1,10391,20,0,0.5424,1.41.0-wmf.4,n/a,archive,200,293,8,2023-04-18 00:08:58 (~ 5 hrs ago)
164,sn,Shona,chiShona,10422,19140,105897,1,16511,23,0,0.5445,1.41.0-wmf.4,n/a,archive,200,133,8,2023-04-18 00:04:07 (~ 6 hrs ago)
165,tum,Tumbuka,chiTumbuka,10308,18462,62760,5,7660,18,27,0.5583,1.41.0-wmf.4,n/a,archive,200,205,8,2023-04-18 00:06:27 (~ 5 hrs ago)
166,bjn,Banjar,Bahasa Banjar,10282,29128,87317,3,13454,32,2,0.353,1.41.0-wmf.4,n/a,archive,200,292,8,2023-04-18 00:08:56 (~ 5 hrs ago)
167,mni,Meitei,ÍØÉÍØ§ÍØáÍØ©ÍØÇÍØ£ÍØü,10220,16425,50590,2,3062,17,0,0.6222,1.41.0-wmf.4,n/a,archive,200,342,8,2023-04-18 00:11:10 (~ 5 hrs ago)
168,km,Khmer,·ûó·û∂·ûü·û∂·ûÅ·üí·ûò·üÇ·ûö,10091,34268,294482,6,38824,93,1035,0.2945,1.41.0-wmf.4,n/a,archive,200,92,8,2023-04-18 00:02:46 (~ 6 hrs ago)
169,hak,Hakka,Hak-k√¢-fa / ÂÆ¢ÂÆ∂Ë©±,10044,19346,126959,1,31462,27,0,0.5192,1.41.0-wmf.4,n/a,archive,200,266,8,2023-04-18 00:09:53 (~ 5 hrs ago)
170,roa-tara,Tarantino,Tarand√≠ne,9320,17963,144293,3,11167,22,179,0.5188,1.41.0-wmf.4,n/a,archive,200,256,8,2023-04-18 00:10:12 (~ 5 hrs ago)
171,so,Somali,Soomaaliga,9252,26893,250254,1,34684,91,0,0.344,1.41.0-wmf.4,n/a,archive,200,201,8,2023-04-18 00:06:19 (~ 5 hrs ago)
172,pam,Kapampangan,Kapampangan,8882,21489,296343,2,20149,23,403,0.4133,1.41.0-wmf.4,n/a,archive,200,191,8,2023-04-18 00:05:58 (~ 6 hrs ago)
173,rue,Rusyn,—Ä—É—Å–∏–Ω—å—Å–∫—ã–π —è–∑—ã–∫,8633,18677,136007,1,27229,24,87,0.4622,1.41.0-wmf.4,n/a,archive,200,297,8,2023-04-18 00:09:07 (~ 5 hrs ago)
174,nso,Northern Sotho,Sesotho sa Leboa,8546,10844,50264,1,6290,13,0,0.7881,1.41.0-wmf.4,n/a,archive,200,302,8,2023-04-18 00:08:46 (~ 5 hrs ago)
175,bh,Bihari,‡§≠‡•ã‡§ú‡§™‡•Å‡§∞‡•Ä,8316,72288,744263,2,32025,65,53,0.115,1.41.0-wmf.4,n/a,archive,200,147,8,2023-04-18 00:04:34 (~ 6 hrs ago)
176,sat,Santali,·±•·±ü·±±·±õ·±ü·±≤·±§,8227,18783,112601,3,6577,30,0,0.438,1.41.0-wmf.4,n/a,archive,200,324,8,2023-04-18 00:08:08 (~ 5 hrs ago)
177,se,Northern Sami,S√°megiella,7841,20923,302001,5,27509,25,0,0.3748,1.41.0-wmf.4,n/a,archive,200,197,8,2023-04-18 00:06:10 (~ 5 hrs ago)
178,myv,Erzya,–≠—Ä–∑—è–Ω—å (Erzjanj Kelj),7797,27707,143045,4,12362,23,0,0.2814,1.41.0-wmf.4,n/a,archive,200,272,8,2023-04-18 00:09:49 (~ 5 hrs ago)
179,mi,Maori,MƒÅori,7788,14167,161024,2,17679,23,0,0.5497,1.41.0-wmf.4,n/a,archive,200,82,8,2023-04-18 00:02:25 (~ 6 hrs ago)
180,vls,West Flemish,West-Vlams,7775,21592,312256,5,25691,22,480,0.3601,1.41.0-wmf.4,n/a,archive,200,233,8,2023-04-18 00:07:05 (~ 5 hrs ago)
181,nds-nl,Dutch Low Saxon,Nedersaksisch,7644,20624,323070,6,26934,23,571,0.3706,1.41.0-wmf.4,n/a,archive,200,228,8,2023-04-18 00:06:54 (~ 5 hrs ago)
182,nah,Nahuatl,NƒÅhuatl,7606,20292,518065,3,21513,26,170,0.3748,1.41.0-wmf.4,n/a,archive,200,99,8,2023-04-18 00:03:00 (~ 6 hrs ago)
183,sc,Sardinian,Sardu,7386,16699,179769,4,23188,35,151,0.4423,1.41.0-wmf.4,n/a,archive,200,111,8,2023-04-18 00:03:26 (~ 6 hrs ago)
184,kw,Cornish,Kernewek/Karnuack,7329,15070,210689,2,14593,33,6,0.4863,1.41.0-wmf.4,n/a,archive,200,106,8,2023-04-18 00:03:15 (~ 6 hrs ago)
185,glk,Gilaki,⁄Ø€åŸÑ⁄©€å,6810,14282,64395,4,15049,16,808,0.4768,1.41.0-wmf.4,n/a,archive,200,261,8,2023-04-18 00:10:02 (~ 5 hrs ago)
186,vep,Vepsian,Veps√§n,6798,32790,158750,1,15061,26,0,0.2073,1.41.0-wmf.4,n/a,archive,200,303,8,2023-04-18 00:08:44 (~ 5 hrs ago)
187,kab,Kabyle,Taqbaylit,6693,16345,107779,2,12758,22,0,0.4095,1.41.0-wmf.4,n/a,archive,200,265,8,2023-04-18 00:09:55 (~ 5 hrs ago)
188,tk,Turkmen,ÿ™ÿ±ŸÉŸÖŸÜ / –¢—É—Ä–∫–º–µ–Ω,6678,16329,238899,3,26444,35,336,0.409,1.41.0-wmf.4,n/a,archive,200,203,8,2023-04-18 00:06:23 (~ 5 hrs ago)
189,ary,Moroccan Arabic,ÿßŸÑŸÑŸáÿ¨ÿ© ÿßŸÑŸÖÿ∫ÿ±ÿ®Ÿäÿ©,6603,54078,272276,7,8813,48,109,0.1221,1.41.0-wmf.4,n/a,archive,200,334,8,2023-04-18 00:00:14 (~ 6 hrs ago)
190,gan,Gan,Ë¥õË™û,6599,33713,395794,1,39946,27,57,0.1957,1.41.0-wmf.4,n/a,archive,200,275,8,2023-04-18 00:02:44 (~ 6 hrs ago)
191,co,Corsican,Corsu,6533,15197,383925,2,21023,32,0,0.4299,1.41.0-wmf.4,n/a,archive,200,33,8,2023-04-18 00:00:41 (~ 6 hrs ago)
192,dag,Dagbani,Dagbanli,6503,10322,61515,1,2688,33,0,0.63,1.41.0-wmf.4,n/a,archive,200,346,8,2023-04-18 00:11:25 (~ 5 hrs ago)
193,fiu-vro,V√µro,V√µro,6458,12269,178449,4,13700,27,50,0.5264,1.41.0-wmf.4,n/a,archive,200,162,8,2023-04-18 00:05:04 (~ 6 hrs ago)
194,bo,Tibetan,‡Ωñ‡Ωº‡Ωë‡ºã‡Ω¶‡æê‡Ωë,6409,17977,141133,1,27907,27,0,0.3565,1.41.0-wmf.4,n/a,archive,200,118,8,2023-04-18 00:03:38 (~ 6 hrs ago)
195,ab,Abkhazian,–ê“ß—Å—É–∞,6050,21976,125258,2,18802,25,9,0.2753,1.41.0-wmf.4,n/a,archive,200,113,8,2023-04-18 00:03:28 (~ 6 hrs ago)
196,rw,Kinyarwanda,Ikinyarwanda,5934,13240,94925,1,12058,41,0,0.4482,1.41.0-wmf.4,n/a,archive,200,110,8,2023-04-18 00:03:23 (~ 6 hrs ago)
197,gv,Manx,Gaelg,5878,23610,318998,3,19133,19,184,0.249,1.41.0-wmf.4,n/a,archive,200,122,8,2023-04-18 00:03:46 (~ 6 hrs ago)
198,skr,Saraiki,ÿ≥ÿ±ÿßÿ¶€å⁄©€å,5711,6360,28472,2,1803,16,0,0.898,1.41.0-wmf.4,n/a,archive,200,339,8,2023-04-18 00:11:04 (~ 5 hrs ago)
199,ug,Uyghur,ÿ¶€áŸäÿ∫€áÿ± ÿ™ŸâŸÑŸâ,5688,15225,157030,1,20897,29,0,0.3736,1.41.0-wmf.4,n/a,archive,200,208,8,2023-04-18 00:06:33 (~ 5 hrs ago)
200,zea,Zeelandic,Ze√™uws,5672,10635,128180,3,12599,18,1,0.5333,1.41.0-wmf.4,n/a,archive,200,255,8,2023-04-18 00:10:14 (~ 5 hrs ago)
201,frp,Franco-Proven√ßal/Arpitan,Arpitan,5670,16074,219094,2,15561,35,0,0.3527,1.41.0-wmf.4,n/a,archive,200,234,8,2023-04-18 00:10:58 (~ 5 hrs ago)
202,udm,Udmurt,–£–¥–º—É—Ä—Ç –∫—ã–ª,5536,18346,123180,3,14451,21,9,0.3018,1.41.0-wmf.4,n/a,archive,200,207,8,2023-04-18 00:06:31 (~ 5 hrs ago)
203,pcd,Picard,Picard,5520,10715,69676,3,16639,21,50,0.5152,1.41.0-wmf.4,n/a,archive,200,288,8,2023-04-18 00:09:13 (~ 5 hrs ago)
204,kv,Komi,–ö–æ–º–∏,5502,17296,141584,1,13836,23,0,0.3181,1.41.0-wmf.4,n/a,archive,200,177,8,2023-04-18 00:05:33 (~ 6 hrs ago)
205,csb,Kashubian,Kasz√´bsczi,5450,8756,187311,3,16041,18,0,0.6224,1.41.0-wmf.4,n/a,archive,200,119,8,2023-04-18 00:03:40 (~ 6 hrs ago)
206,mt,Maltese,Malti,5298,19795,289097,5,21323,45,724,0.2676,1.41.0-wmf.4,n/a,archive,200,95,8,2023-04-18 00:02:52 (~ 6 hrs ago)
207,gn,Guarani,Ava√±e'·∫Ω,5192,12311,124880,2,17487,29,0,0.4217,1.41.0-wmf.4,n/a,archive,200,90,8,2023-04-18 00:02:42 (~ 6 hrs ago)
208,smn,Inari Sami,Anar√¢≈°kiel√¢,5068,16559,82977,7,3037,17,0,0.3061,1.41.0-wmf.4,n/a,archive,200,337,8,2023-04-18 00:00:07 (~ 6 hrs ago)
209,ay,Aymara,Aymar,5035,8646,95962,1,16001,18,0,0.5824,1.41.0-wmf.4,n/a,archive,200,67,8,2023-04-18 00:01:53 (~ 6 hrs ago)
210,nrm,Norman,Nouormand/Normaund,4841,10399,219564,2,12843,19,0,0.4655,1.41.0-wmf.4,n/a,archive,200,241,8,2023-04-18 00:10:43 (~ 5 hrs ago)
211,lez,Lezgian,–õ–µ–∑–≥–∏ —á–Ü–∞–ª,4318,13646,91899,3,10283,18,10,0.3164,1.41.0-wmf.4,n/a,archive,200,301,8,2023-04-18 00:08:48 (~ 5 hrs ago)
212,lfn,Lingua Franca Nova 2,Lingua Franca Nova 2,4196,6709,38735,1,10503,24,0,0.6254,1.41.0-wmf.4,n/a,archive,200,321,8,2023-04-18 00:08:15 (~ 5 hrs ago)
213,olo,Livvi-Karelian,livvin kieli,4108,11408,33670,2,6469,10,0,0.3601,1.41.0-wmf.4,n/a,archive,200,316,8,2023-04-18 00:08:25 (~ 5 hrs ago)
214,stq,Saterland Frisian,Seeltersk,4096,10755,122027,5,12949,13,429,0.3808,1.41.0-wmf.4,n/a,archive,200,271,8,2023-04-18 00:09:41 (~ 5 hrs ago)
215,mwl,Mirandese,Mirand√©s,4030,10435,99607,1,12697,31,0,0.3862,1.41.0-wmf.4,n/a,archive,200,286,8,2023-04-18 00:09:17 (~ 5 hrs ago)
216,lo,Lao,‡∫•‡∫≤‡∫ß,3963,13126,100228,2,17032,22,0,0.3019,1.41.0-wmf.4,n/a,archive,200,182,8,2023-04-18 00:05:43 (~ 6 hrs ago)
217,ang,Anglo-Saxon,Englisc,3937,17053,208893,2,121155,49,299,0.2309,1.41.0-wmf.4,n/a,archive,200,29,8,2023-04-18 00:00:32 (~ 6 hrs ago)
218,fur,Friulian,Furlan,3841,8844,171756,2,13788,20,318,0.4343,1.41.0-wmf.4,n/a,archive,200,163,8,2023-04-18 00:05:06 (~ 6 hrs ago)
219,rm,Romansh,Rumantsch,3757,9622,163941,3,19342,20,51,0.3905,1.41.0-wmf.4,n/a,archive,200,131,8,2023-04-18 00:04:03 (~ 6 hrs ago)
220,lad,Ladino,Dzhudezmo,3625,12998,210760,4,20436,22,23,0.2789,1.41.0-wmf.4,n/a,archive,200,178,8,2023-04-18 00:05:35 (~ 6 hrs ago)
221,gom,Goan Konkani,‡§ó‡•ã‡§Ç‡§Ø‡§ö‡•Ä ‡§ï‡•ã‡§Ç‡§ï‡§£‡•Ä / G√µychi Konknni,3570,9271,207571,4,9208,21,0,0.3851,1.41.0-wmf.4,n/a,archive,200,307,8,2023-04-18 00:08:23 (~ 5 hrs ago)
222,koi,Komi-Permyak,–ü–µ—Ä–µ–º –ö–æ–º–∏ (Perem Komi),3443,11497,60832,1,8247,17,0,0.2995,1.41.0-wmf.4,n/a,archive,200,294,8,2023-04-18 00:09:00 (~ 5 hrs ago)
223,ext,Extremaduran,Estreme√±u,3433,8064,123716,2,16742,36,0,0.4257,1.41.0-wmf.4,n/a,archive,200,273,8,2023-04-18 00:09:51 (~ 5 hrs ago)
224,tyv,Tuvan,—Ç—ã–≤–∞ –¥—ã–ª,3395,11741,44298,1,8593,19,0,0.2892,1.41.0-wmf.4,n/a,archive,200,305,8,2023-04-18 00:08:42 (~ 5 hrs ago)
225,dsb,Lower Sorbian,Dolnoserbski,3337,11235,143833,1,17864,23,0,0.297,1.41.0-wmf.4,n/a,archive,200,270,8,2023-04-18 00:09:43 (~ 5 hrs ago)
226,av,Avar,–ê–≤–∞—Ä,3335,15892,86714,2,14091,23,0,0.2099,1.41.0-wmf.4,n/a,archive,200,146,8,2023-04-18 00:04:32 (~ 6 hrs ago)
227,ln,Lingala,Lingala,3329,8713,122666,4,12505,24,32,0.3821,1.41.0-wmf.4,n/a,archive,200,126,8,2023-04-18 00:03:55 (~ 6 hrs ago)
228,dty,Doteli,‡§°‡•ã‡§ü‡•á‡§≤‡•Ä,3325,19750,238501,3,5977,18,3,0.1684,1.41.0-wmf.4,n/a,archive,200,317,8,2023-04-18 00:08:21 (~ 5 hrs ago)
229,kaa,Karakalpak,Qaraqalpaqsha,3244,8888,59074,5,11186,51,22,0.365,1.41.0-wmf.4,n/a,archive,200,277,8,2023-04-18 00:09:34 (~ 5 hrs ago)
230,pap,Papiamentu,Papiamentu,3154,6526,97803,5,14038,19,0,0.4833,1.41.0-wmf.4,n/a,archive,200,238,8,2023-04-18 00:10:50 (~ 5 hrs ago)
231,cbk-zam,Zamboanga Chavacano,Chavacano de Zamboanga,3128,8279,112476,1,13999,16,0,0.3778,1.41.0-wmf.4,n/a,archive,200,257,8,2023-04-18 00:10:10 (~ 5 hrs ago)
232,dv,Divehi,ﬁãﬁ®ﬁàﬁ¨ﬁÄﬁ®ﬁÑﬁ¶ﬁêﬁ∞,3025,11446,130706,4,24222,22,932,0.2643,1.41.0-wmf.4,n/a,archive,200,160,8,2023-04-18 00:04:59 (~ 6 hrs ago)
233,mdf,Moksha,–ú–æ–∫—à–µ–Ω—å (Mokshanj K√§lj),3012,14045,70026,3,8981,15,0,0.2145,1.41.0-wmf.4,n/a,archive,200,276,8,2023-04-18 00:09:36 (~ 5 hrs ago)
234,ksh,Ripuarian,Ripoarisch,2940,10584,1607365,3,22069,18,0,0.2778,1.41.0-wmf.4,n/a,archive,200,231,8,2023-04-18 00:07:00 (~ 5 hrs ago)
235,tw,Twi,Twi,2904,6180,107240,2,14756,48,0,0.4699,1.41.0-wmf.4,n/a,archive,200,139,8,2023-04-18 00:04:18 (~ 6 hrs ago)
236,ks,Kashmiri,‡§ï‡§∂‡•ç‡§Æ‡•Ä‡§∞‡•Ä / ŸÉÿ¥ŸÖŸäÿ±Ÿä,2864,10558,75800,2,10069,24,10,0.2713,1.41.0-wmf.4,n/a,archive,200,85,8,2023-04-18 00:02:31 (~ 6 hrs ago)
237,gag,Gagauz,Gagauz,2803,6608,68258,1,13406,16,0,0.4242,1.41.0-wmf.4,n/a,archive,200,295,8,2023-04-18 00:09:03 (~ 5 hrs ago)
238,bxr,Buryat (Russia),–ë—É—Ä—è–∞–¥,2772,11081,70414,1,14576,23,9,0.2502,1.41.0-wmf.4,n/a,archive,200,248,8,2023-04-18 00:10:29 (~ 5 hrs ago)
239,pfl,Palatinate German,Pf√§lzisch,2741,6927,90344,4,11279,16,0,0.3957,1.41.0-wmf.4,n/a,archive,200,296,8,2023-04-18 00:09:05 (~ 5 hrs ago)
240,lg,Luganda,Luganda,2689,6725,29999,2,7822,17,0,0.3999,1.41.0-wmf.4,n/a,archive,200,179,8,2023-04-18 00:05:37 (~ 6 hrs ago)
241,za,Zhuang,Cuengh,2568,4925,40752,2,10213,16,0,0.5214,1.41.0-wmf.4,n/a,archive,200,213,8,2023-04-18 00:06:42 (~ 5 hrs ago)
242,pi,Pali,‡§™‡§æ‡§¥‡§ø,2548,4655,101941,2,6971,10,1,0.5474,1.41.0-wmf.4,n/a,archive,200,192,8,2023-04-18 00:06:00 (~ 6 hrs ago)
243,pag,Pangasinan,Pangasinan,2503,6499,75955,2,7917,18,0,0.3851,1.41.0-wmf.4,n/a,archive,200,251,8,2023-04-18 00:10:22 (~ 5 hrs ago)
244,szy,Sakizaya,Sakizaya,2502,5512,130938,1,2616,9,0,0.4539,1.41.0-wmf.4,n/a,archive,200,331,8,2023-04-18 00:07:07 (~ 5 hrs ago)
245,haw,Hawaiian,Hawai`i,2499,5610,97142,1,16038,38,0,0.4455,1.41.0-wmf.4,n/a,archive,200,166,8,2023-04-18 00:05:12 (~ 6 hrs ago)
246,awa,Awadhi,·É•·Éê·É†·Éó·É£·Éö·Éò,2436,5365,24284,1,2354,10,0,0.4541,1.41.0-wmf.4,n/a,archive,200,333,8,2023-04-18 00:00:16 (~ 6 hrs ago)
247,tay,Atayal,Tayal,2421,2880,54666,1,1403,11,0,0.8406,1.41.0-wmf.4,n/a,archive,200,344,8,2023-04-18 00:11:15 (~ 5 hrs ago)
248,blk,Pa'O,·Äï·Ä°·Ä≠·ÄØ·Äù·Ä∫·Çè·Äò·Ä¨·Çè·Äû·Ä¨·Çè,2304,5387,25572,3,786,12,0,0.4277,1.41.0-wmf.4,n/a,archive,200,352,8,2023-04-18 00:00:01 (~ 6 hrs ago)
249,inh,Ingush,–ì”Ä–∞–ª–≥”Ä–∞–π,2167,13130,61639,2,3765,8,41,0.165,1.41.0-wmf.4,n/a,archive,200,322,8,2023-04-18 00:08:12 (~ 5 hrs ago)
250,krc,Karachay-Balkar,–ö—ä–∞—Ä–∞—á–∞–π-–ú–∞–ª–∫—ä–∞—Ä (Qarachay-Malqar),2075,14360,106985,1,10069,16,0,0.1445,1.41.0-wmf.4,n/a,archive,200,289,8,2023-04-18 00:05:47 (~ 6 hrs ago)
251,xal,Kalmyk,–•–∞–ª—å–º–≥,2048,12117,88420,1,9732,12,0,0.169,1.41.0-wmf.4,n/a,archive,200,237,8,2023-04-18 00:10:52 (~ 5 hrs ago)
252,pdc,Pennsylvania German,Deitsch,2003,5916,105558,1,31742,28,0,0.3386,1.41.0-wmf.4,n/a,archive,200,232,8,2023-04-18 00:07:02 (~ 5 hrs ago)
253,to,Tongan,faka Tonga,1957,5408,42556,2,9853,14,12,0.3619,1.41.0-wmf.4,n/a,archive,200,204,8,2023-04-18 00:06:25 (~ 5 hrs ago)
254,atj,Atikamekw,Atikamekw Nehiromowin,1950,3071,15078,5,4072,6,0,0.635,1.41.0-wmf.4,n/a,archive,200,318,8,2023-04-18 00:08:19 (~ 5 hrs ago)
255,arc,Aramaic,‹ê‹™‹°‹ù‹ê,1886,6490,95689,2,19577,14,0,0.2906,1.41.0-wmf.4,n/a,archive,200,145,8,2023-04-18 00:04:30 (~ 6 hrs ago)
256,tcy,Tulu,‡≤§‡≥Å‡≤≥‡≥Å ‡≤≠‡≤æ‡≤∑‡≥Ü,1872,9921,109097,3,5369,20,9,0.1887,1.41.0-wmf.4,n/a,archive,200,312,8,2023-04-18 00:08:29 (~ 5 hrs ago)
257,mnw,Mon,·Äò·Ä¨·Äû·Ä¨ ·Äô·Äî·Ä∫,1775,6225,39721,3,3124,21,0,0.2851,1.41.0-wmf.4,n/a,archive,200,329,8,2023-04-18 00:07:19 (~ 5 hrs ago)
258,jam,Jamaican,Patois,1703,3055,21047,1,7912,12,0,0.5574,1.41.0-wmf.4,n/a,archive,200,311,8,2023-04-18 00:08:31 (~ 5 hrs ago)
259,kbp,Kabiye,Kab…©y…õ,1697,3372,16256,2,4203,7,0,0.5033,1.41.0-wmf.4,n/a,archive,200,319,8,2023-04-18 00:07:55 (~ 5 hrs ago)
260,na,Nauruan,dorerin Naoero,1670,4900,89890,1,12045,17,4,0.3408,1.41.0-wmf.4,n/a,archive,200,79,8,2023-04-18 00:02:19 (~ 6 hrs ago)
261,wo,Wolof,Wolof,1653,5381,104839,3,14562,20,0,0.3072,1.41.0-wmf.4,n/a,archive,200,140,8,2023-04-18 00:04:20 (~ 6 hrs ago)
262,kbd,Kabardian Circassian,–ê–¥—ã–≥—ç–±–∑—ç (Adighabze),1598,6883,45800,1,9528,10,0,0.2322,1.41.0-wmf.4,n/a,archive,200,299,8,2023-04-18 00:08:52 (~ 5 hrs ago)
263,nia,Nias,Li Niha,1570,3806,20059,3,1494,10,0,0.4125,1.41.0-wmf.4,n/a,archive,200,341,8,2023-04-18 00:11:08 (~ 5 hrs ago)
264,nov,Novial,Novial,1530,4429,178264,2,11317,17,0,0.3455,1.41.0-wmf.4,n/a,archive,200,250,8,2023-04-18 00:10:25 (~ 5 hrs ago)
265,shi,Tachelhit,Taclhit,1524,4387,41257,2,2067,17,0,0.3474,1.41.0-wmf.4,n/a,archive,200,347,8,2023-04-18 00:11:23 (~ 5 hrs ago)
266,ki,Kikuyu,Gƒ©k≈©y≈©,1505,3089,20898,1,8447,13,0,0.4872,1.41.0-wmf.4,n/a,archive,200,175,8,2023-04-18 00:05:29 (~ 6 hrs ago)
267,nqo,N'Ko,ﬂíﬂûﬂè,1465,3188,11198,2,3404,10,0,0.4595,1.41.0-wmf.4,n/a,archive,200,327,8,2023-04-18 00:07:59 (~ 5 hrs ago)
268,anp,Angika,‡§Ö‡§Ç‡§ó‡§ø‡§ï‡§æ,1431,4312,17716,2,341,28,0,0.3319,1.41.0-wmf.4,n/a,archive,200,356,8,2023-04-18 00:11:36 (~ 5 hrs ago)
269,bi,Bislama,Bislama,1409,3332,42455,2,12675,19,0,0.4229,1.41.0-wmf.4,n/a,archive,200,148,8,2023-04-18 00:04:36 (~ 6 hrs ago)
270,tpi,Tok Pisin,Tok Pisin,1359,5695,87004,1,12949,16,0,0.2386,1.41.0-wmf.4,n/a,archive,200,84,8,2023-04-18 00:02:29 (~ 6 hrs ago)
271,tet,Tetum,Tetun,1349,3803,67414,2,9314,18,0,0.3547,1.41.0-wmf.4,n/a,archive,200,236,8,2023-04-18 00:10:54 (~ 5 hrs ago)
272,jbo,Lojban,Lojban,1326,5746,112039,1,15725,22,0,0.2308,1.41.0-wmf.4,n/a,archive,200,173,8,2023-04-18 00:05:27 (~ 6 hrs ago)
273,roa-rup,Aromanian,Arm√£neashce,1306,4340,206678,1,13509,24,0,0.3009,1.41.0-wmf.4,n/a,archive,200,195,8,2023-04-18 00:06:06 (~ 6 hrs ago)
274,xh,Xhosa,isiXhosa,1290,3974,34591,1,12419,17,0,0.3246,1.41.0-wmf.4,n/a,archive,200,141,8,2023-04-18 00:04:22 (~ 6 hrs ago)
275,fj,Fijian,Na Vosa Vakaviti,1277,3644,35611,1,8760,20,0,0.3504,1.41.0-wmf.4,n/a,archive,200,89,8,2023-04-18 00:02:40 (~ 6 hrs ago)
276,om,Oromo,Oromoo,1273,4177,39517,1,10164,17,0,0.3048,1.41.0-wmf.4,n/a,archive,200,189,8,2023-04-18 00:05:54 (~ 6 hrs ago)
277,kg,Kongo,KiKongo,1270,2930,44067,1,10441,14,0,0.4334,1.41.0-wmf.4,n/a,archive,200,226,8,2023-04-18 00:06:46 (~ 5 hrs ago)
278,lbe,Lak,–õ–∞–∫–∫—É,1264,15129,51078,1,8125,11,0,0.0835,1.41.0-wmf.4,n/a,archive,200,246,8,2023-04-18 00:10:33 (~ 5 hrs ago)
279,ty,Tahitian,Reo MƒÅ`ohi,1218,3000,53256,1,7162,14,0,0.406,1.41.0-wmf.4,n/a,archive,200,206,8,2023-04-18 00:06:29 (~ 5 hrs ago)
280,guw,Gun,Gungb√®,1200,2232,34907,2,888,15,0,0.5376,1.41.0-wmf.4,n/a,archive,200,350,8,2023-04-18 00:11:29 (~ 5 hrs ago)
281,cu,Old Church Slavonic,–°–ª–æ–≤—£–Ω—å—Å–∫—ä,1194,5634,84086,2,24205,24,0,0.2119,1.41.0-wmf.4,n/a,archive,200,259,8,2023-04-18 00:10:06 (~ 5 hrs ago)
282,trv,Seediq,Kari Seediq,1129,1974,91753,1,1497,18,0,0.5719,1.41.0-wmf.4,n/a,archive,200,345,8,2023-04-18 00:11:17 (~ 5 hrs ago)
283,srn,Sranan,Sranantongo,1117,2737,39346,1,7376,12,0,0.4081,1.41.0-wmf.4,n/a,archive,200,280,8,2023-04-18 00:09:28 (~ 5 hrs ago)
284,sm,Samoan,Gagana Samoa,1073,3341,43041,1,10047,14,0,0.3212,1.41.0-wmf.4,n/a,archive,200,98,8,2023-04-18 00:02:58 (~ 6 hrs ago)
285,alt,Altai,–∞–ª—Ç–∞–π —Ç–∏–ª,1063,4342,39882,3,2165,8,0,0.2448,1.41.0-wmf.4,n/a,archive,200,343,8,2023-04-18 00:11:13 (~ 5 hrs ago)
286,gcr,Guianan Creole,Kriy√≤l Gwiyannen,1059,2604,16722,1,2556,22,0,0.4067,1.41.0-wmf.4,n/a,archive,200,330,8,2023-04-18 00:07:09 (~ 5 hrs ago)
287,chr,Cherokee,·è£·é≥·é©,1052,4129,48153,1,23204,22,0,0.2548,1.41.0-wmf.4,n/a,archive,200,156,8,2023-04-18 00:04:51 (~ 6 hrs ago)
288,ltg,Latgalian,Latgaƒºu,1040,3300,36106,1,7053,13,0,0.3152,1.41.0-wmf.4,n/a,archive,200,298,8,2023-04-18 00:08:54 (~ 5 hrs ago)
289,tn,Tswana,Setswana,1033,4394,31105,2,9744,22,4,0.2351,1.41.0-wmf.4,n/a,archive,200,137,8,2023-04-18 00:04:14 (~ 6 hrs ago)
290,ny,Chichewa,Chi-Chewa,1022,4665,41688,3,10118,11,0,0.2191,1.41.0-wmf.4,n/a,archive,200,188,8,2023-04-18 00:05:52 (~ 6 hrs ago)
291,mad,Madurese,Madhur√¢,1016,1791,12801,1,2003,32,0,0.5673,1.41.0-wmf.4,n/a,archive,200,338,8,2023-04-18 00:11:02 (~ 5 hrs ago)
292,st,Sesotho,Sesotho,912,4401,29313,2,9976,17,0,0.2072,1.41.0-wmf.4,n/a,archive,200,135,8,2023-04-18 00:04:11 (~ 6 hrs ago)
293,pih,Norfolk,Norfuk,896,3338,44353,1,11034,14,0,0.2684,1.41.0-wmf.4,n/a,archive,200,193,8,2023-04-18 00:06:02 (~ 6 hrs ago)
294,got,Gothic,êå≤êåøêçÑêåπêçÉêå∫,872,3820,46434,1,18632,18,0,0.2283,1.41.0-wmf.4,n/a,archive,200,164,8,2023-04-18 00:05:08 (~ 6 hrs ago)
295,ee,Ewe,E ãegbe,823,3600,54642,2,13969,33,0,0.2286,1.41.0-wmf.4,n/a,archive,200,224,8,2023-04-18 00:06:50 (~ 5 hrs ago)
296,ami,Amis,Pangcah / 'Amis,815,1840,35893,1,1465,17,0,0.4429,1.41.0-wmf.4,n/a,archive,200,348,8,2023-04-18 00:11:19 (~ 5 hrs ago)
297,rmy,Romani,romani - ‡§∞‡•ã‡§Æ‡§æ‡§®‡•Ä,815,2860,50792,1,17001,17,0,0.285,1.41.0-wmf.4,n/a,archive,200,239,8,2023-04-18 00:10:47 (~ 5 hrs ago)
298,bm,Bambara,Bamanankan,794,3221,40815,2,10365,19,0,0.2465,1.41.0-wmf.4,n/a,archive,200,149,8,2023-04-18 00:04:39 (~ 6 hrs ago)
299,ff,Fula,Fulfulde,768,3097,29468,2,8468,49,0,0.248,1.41.0-wmf.4,n/a,archive,200,161,8,2023-04-18 00:05:02 (~ 6 hrs ago)
300,ve,Venda,Tshivenda,748,2251,19640,1,7627,26,0,0.3323,1.41.0-wmf.4,n/a,archive,200,209,8,2023-04-18 00:06:35 (~ 5 hrs ago)
301,ts,Tsonga,Xitsonga,733,3824,37343,2,9481,16,0,0.1917,1.41.0-wmf.4,n/a,archive,200,138,8,2023-04-18 00:04:16 (~ 6 hrs ago)
302,chy,Cheyenne,Tsets√™hest√¢hese,697,2241,24541,1,11143,14,0,0.311,1.41.0-wmf.4,n/a,archive,200,157,8,2023-04-18 00:04:53 (~ 6 hrs ago)
303,ss,Swati,SiSwati,637,2539,38742,3,8046,22,0,0.2509,1.41.0-wmf.4,n/a,archive,200,134,8,2023-04-18 00:04:09 (~ 6 hrs ago)
304,kcg,Tyap,Tyap,629,3402,21461,2,872,9,0,0.1849,1.41.0-wmf.4,n/a,archive,200,351,8,2023-04-18 00:00:03 (~ 6 hrs ago)
305,rn,Kirundi,Kirundi,626,2484,23308,1,9377,18,0,0.252,1.41.0-wmf.4,n/a,archive,200,194,8,2023-04-18 00:06:04 (~ 6 hrs ago)
306,pcm,Nigerian Pidgin,Naija,623,1674,20344,2,819,24,0,0.3722,1.41.0-wmf.4,n/a,archive,200,353,8,2023-04-18 00:11:27 (~ 5 hrs ago)
307,ch,Chamorro,Chamoru,546,2515,23363,1,15128,16,0,0.2171,1.41.0-wmf.4,n/a,archive,200,154,8,2023-04-18 00:04:47 (~ 6 hrs ago)
308,ik,Inupiak,I√±upiak,503,2707,38926,2,8365,11,0,0.1858,1.41.0-wmf.4,n/a,archive,200,171,8,2023-04-18 00:05:22 (~ 6 hrs ago)
309,pnt,Pontic,Œ†ŒøŒΩœÑŒπŒ±Œ∫Œ¨,486,2056,35306,1,9925,9,0,0.2364,1.41.0-wmf.4,n/a,archive,200,282,8,2023-04-18 00:09:39 (~ 5 hrs ago)
310,ady,Adyghe,–∞–¥—ã–≥–∞–±–∑—ç,468,3396,12736,1,6602,10,0,0.1378,1.41.0-wmf.4,n/a,archive,200,310,8,2023-04-18 00:08:27 (~ 5 hrs ago)
311,guc,Wayuu,wayuunaiki,468,836,11578,1,462,24,0,0.5598,1.41.0-wmf.4,n/a,archive,200,354,8,2023-04-18 00:11:31 (~ 5 hrs ago)
312,iu,Inuktitut,·êÉ·ìÑ·íÉ·ëé·ëê·ë¶,449,3012,46169,2,18253,26,0,0.1491,1.41.0-wmf.4,n/a,archive,200,124,8,2023-04-18 00:03:51 (~ 6 hrs ago)
313,ak,Akan,Akana,417,2197,29842,1,13604,18,0,0.1898,1.41.0-wmf.4,n/a,archive,200,144,8,2023-04-18 00:04:28 (~ 6 hrs ago)
314,pwn,Paiwan,Pinayuanan,326,502,11896,1,1209,8,0,0.6494,1.41.0-wmf.4,n/a,archive,200,349,8,2023-04-18 00:11:21 (~ 5 hrs ago)
315,sg,Sango,S√§ng√∂,311,1981,20669,2,6285,12,0,0.157,1.41.0-wmf.4,n/a,archive,200,198,8,2023-04-18 00:06:12 (~ 5 hrs ago)
316,din,Dinka,Thu…î≈ãj√§≈ã,308,1089,8263,1,6010,7,0,0.2828,1.41.0-wmf.4,n/a,archive,200,320,8,2023-04-18 00:08:17 (~ 5 hrs ago)
317,ti,Tigrinya,·âµ·åç·à≠·äõ,257,2771,24157,2,8969,12,0,0.0927,1.41.0-wmf.4,n/a,archive,200,202,8,2023-04-18 00:06:21 (~ 5 hrs ago)
318,kl,Greenlandic,Kalaallisut,242,2266,74750,3,12812,15,0,0.1068,1.41.0-wmf.4,n/a,archive,200,125,8,2023-04-18 00:03:53 (~ 6 hrs ago)
319,dz,Dzongkha,‡Ωá‡Ωº‡ΩÑ‡ºã‡ΩÅ,237,2621,30176,1,9808,16,0,0.0904,1.41.0-wmf.4,n/a,archive,200,120,8,2023-04-18 00:03:42 (~ 6 hrs ago)
320,gur,Guren…õ,Guren…õ,220,912,5871,1,369,40,0,0.2412,1.41.0-wmf.4,n/a,archive,200,355,8,2023-04-18 00:11:34 (~ 5 hrs ago)
321,cr,Cree,Nehiyaw,161,2190,38229,2,17836,15,0,0.0735,1.41.0-wmf.4,n/a,archive,200,158,8,2023-04-18 00:04:55 (~ 6 hrs ago)
322,ng,Ndonga,Oshiwambo,8,442,5923,1,2386,1,0,0.0181,1.41.0-wmf.4,n/a,archive,200,290,8,2023-04-18 00:09:11 (~ 5 hrs ago)
323,cho,Choctaw,Choctaw,6,201,4220,1,1810,2,0,0.0299,1.41.0-wmf.4,n/a,archive,200,155,8,2023-04-18 00:04:49 (~ 6 hrs ago)
324,mh,Marshallese,Ebon,4,206,4212,1,2144,1,0,0.0194,1.41.0-wmf.4,n/a,archive,200,183,8,2023-04-18 00:05:45 (~ 6 hrs ago)
325,kj,Kuanyama,Kuanyama,4,114,3548,1,1379,1,0,0.0351,1.41.0-wmf.4,n/a,archive,200,225,8,2023-04-18 00:06:52 (~ 5 hrs ago)
326,ho,Hiri Motu,Hiri Motu,3,129,3786,1,1577,1,0,0.0233,1.41.0-wmf.4,n/a,archive,200,165,8,2023-04-18 00:05:10 (~ 6 hrs ago)
327,ii,Sichuan Yi,ÍÜáÍâô,3,189,11653,1,2033,1,0,0.0159,1.41.0-wmf.4,n/a,archive,200,170,8,2023-04-18 00:05:20 (~ 6 hrs ago)
328,lrc,Northern Luri,ŸÑ€äÿ±€å ÿ¥ŸàŸÖÿßŸÑ€å,1,238,140069,2,5039,4,0,0.0042,1.41.0-wmf.4,n/a,archive,200,308,8,2023-04-18 00:08:33 (~ 5 hrs ago)
329,mus,Muscogee,Muskogee,1,115,3603,1,2350,1,0,0.0087,1.41.0-wmf.4,n/a,archive,200,223,8,2023-04-18 00:06:48 (~ 5 hrs ago)
330,aa,Afar,Afar,0,509,4685,1,4065,1,0,0,1.41.0-wmf.4,n/a,archive,200,267,8,2023-04-18 00:09:45 (~ 5 hrs ago)
331,hz,Herero,Otsiherero,0,176,4483,1,3763,2,0,0,1.41.0-wmf.4,n/a,archive,200,168,8,2023-04-18 00:05:16 (~ 6 hrs ago)
332,kr,Kanuri,Kanuri,0,162,4641,1,5466,1,0,0,1.41.0-wmf.4,n/a,archive,200,176,8,2023-04-18 00:05:31 (~ 6 hrs ago)
